bookName,bookCover,bookAuthor,bookPrice,bookIsbn,bookDesc
谁都不正常,https://img2.doubanio.com/view/subject/l/public/s34475061.jpg,[美] 罗伊·理查德·格林克,89.00,9787521749687,文化创造了“正常”这个概念，于是一部分人被排斥到社会之外，成为“不正常”的代表。精神疾病生动地诠释了这种“不正常”的社会现象，当我们谈到精神疾病时，我们知道它是一种疾病，同时我们的社会又将精神疾病塑造成一种人格和道德上的缺陷，这意味着将一个人的精神健康状态等同于社会身份来进行道德评判。如果我们意识到，我们绝大多数人实际上都有些神经质，情绪困扰本就是一种普遍的心理现象，那么我们就会发现偏见的存在，就会明白“谁都不正常，谁都不应该感到羞耻”。精神疾病就像感冒一样，不过是一种疾病罢了。
鱼鳞帽艳史,https://img1.doubanio.com/view/subject/l/public/s34449209.jpg,[塞尔维亚] 米洛拉德·帕维奇,78.00,9787532789313,“文学帝王”帕维奇的国际巴洛克风神作
西方人文主义传统,https://img1.doubanio.com/view/subject/l/public/s34448827.jpg,[英] 阿伦·布洛克,82.00,9787522512792,★牛津大学人文学者的通识课，收录上百幅精美画作、照片及影印手稿
南荒有沛竹,https://img1.doubanio.com/view/subject/l/public/s34394580.jpg,陆源,59.00,9787208179806,★ 陆源代表作小说集，朱岳、淡豹推荐。
女性主义40年,https://img9.doubanio.com/view/subject/l/public/s34461535.jpg,[日]上野千鹤子,59.00,9787572610868,“我就是我！我就是女人！”
自我决定的孤独,https://img9.doubanio.com/view/subject/l/public/s34414186.jpg,[德]伊丽莎白·冯·塔登,68.00,9787218160177,【编辑推荐】
日常生活的现象学,https://img1.doubanio.com/view/subject/l/public/s34416850.jpg,黄旺,78.00,9787552040128,-编辑推荐-
炽焰燃烧,https://img1.doubanio.com/view/subject/l/public/s34463320.jpg,[美]罗恩·拉什,65.00,9787020177400,🔥舍伍德·安德森奖、阿巴拉契亚年度图书奖、欧·亨利短篇小说奖得主，当代美国南方文学代表作家罗恩·拉什短篇小说扛鼎之作；
消费文化与后现代主义,https://img2.doubanio.com/view/subject/l/public/s34494971.jpg,[英]迈克·费瑟斯通,69.00,9787100211598,“没有哪位当代社会理论家比迈克·费瑟斯通对批判理论、消费文化和后现代领域的研究更出色。”这部当代经典著作将与后现代主义相关的消费文化带入了社会科学理论图景，第一次系统性和开创性地讨论了消费文化和流行文化、后现代生活方式、全球化多样性等主题，不仅说明了后现代是什么，还展示了它是怎样运作的。作者对消费文化与后现代主义的历史和现状的阐述全面、清晰，任何想更多地了解所处世界的普通读者，都能在本书中找到对自己日常生活的丰富精确的描述。
学术“咸鱼”自救指南,https://img9.doubanio.com/view/subject/l/public/s34468546.jpg,钱婧,68.00,9787221175533,985博导、北师大教授、SSCI期刊副主编、B站知识区新晋人气UP主“云导师”
幸福地理学,https://img1.doubanio.com/view/subject/l/public/s34458659.jpg,[美]埃里克·韦纳,68.00,9787100216869,幸福是在别处还是一张中奖彩票？从卡塔尔到不丹，跟随作者走访十国，探寻幸福的“科学”答案
无尽的玩笑,https://img2.doubanio.com/view/subject/l/public/s34487883.jpg,[美] 大卫·福斯特·华莱士,168.00,9787208161757,∞  入选《时代》周刊评选的1923年以来世界百部最佳英语长篇小说
经营地方,https://img2.doubanio.com/view/subject/l/public/s34383842.jpg,孙竞昊,89.00,9787559854704,一部明清区域社会史研究著作，聚焦北方中等行政城市，讨论地方士绅如何在与国家权力的复杂互动中，主导并塑造了运河商阜山东济宁在经济、文化、社会诸方面的性格与生态。大学问出品
暮色与跳舞熊,https://img9.doubanio.com/view/subject/l/public/s34464426.jpg,[中]张莉 主编,59.8,9787559473141,本书为2019-2021《中国女性文学年选》的延续，是由著名评论家、女性文学研究专家、北师大教授张莉主持编选的一部中短篇小说选，产品包装上，本书定位更加市场化，更切近女性读者。图书内容上，本书延续以爱、秘密、远方为辑，收录2022年度二十位不同代际的中国女性至作者的作品，既代表了对当下文学现场的一种凝视，也代表了对女性文学未来的长远期待。20位左右不同代际的中国女性作家的作品，在一定程度上勾勒出中国老中青三代女性作家的创作谱系，为读者提供一个在一段时间内了解该年度女性文学中短小说的创作棚况的质量极高的文本。
白鸟与蝙蝠,https://img9.doubanio.com/view/subject/l/public/s34400654.jpg,[日本] 东野圭吾,69.00,9787573503053,★“这一次，我天空里的太阳，将由我亲手熄灭。”
马背上的朝廷,https://img2.doubanio.com/view/subject/l/public/s34471361.jpg,[美]张勉治,128.00,9787214280510,乾隆十六年至四十九年（1751—1784），乾隆皇帝六次南巡，往返于北京与江南。满洲皇帝及扈从，深入帝国最富庶、最重要的地区，上演了一场场长达数月之久的政治剧。
恶徒的救赎,https://img9.doubanio.com/view/subject/l/public/s34486965.jpg,[日] 高野和明,49.90,9787547744345,【内容简介】
故事造型师,https://img2.doubanio.com/view/subject/l/public/s34417133.jpg,[美]伦妮·布朗,58.00,9787572609206,·王家卫喜爱的推理小说家劳伦斯·布洛克强烈推荐：两位行家给了出最具体、实用、又娱乐性十足的写作忠告！
隐喻学范式,https://img2.doubanio.com/view/subject/l/public/s34448452.jpg,[德]汉斯·布鲁门贝格,59.80,9787547321584,隐喻在哲学语言中扮演什么角色？它们是否阻碍了清晰的思考和清晰的表达？修辞有助于使哲学更容易被普通听众理解，但为了术语的精确性，在理想的情况下是否应该被消除？或者说，哲学家所使用的形象能否比他们精心设计的思想体系更能告诉我们规范一个时代的希望和关怀、态度和冷漠？在《隐喻学范式》中，汉斯•布鲁门贝格通过研究隐喻和概念之问的关系来处理这些问题，作者认为存在着不能翻译回概念语言的“绝对隐喻”。这些隐喻回答了 所谓本源的、理论上无法回答的问题，它们的相关性在于它们不能被揭示开来，因为我们并没有对此提出问题，而是发现它们已经在我们存在的基础上被先行提出了。因此作者认为，隐喻跃进了概念所无法填补的空白。
吃的哲学,https://img1.doubanio.com/view/subject/l/public/s34408789.jpg,[荷]安玛丽·摩尔,78.00,9787208180130,荷兰著名人类学家、当代理论先锋安玛丽·摩尔
日复一日,https://img1.doubanio.com/view/subject/l/public/s34368809.jpg,[匈]特雷齐娅·莫拉,99.00,9787559856555,本书是毕希纳文学奖获奖作家特雷齐娅·莫拉的第一部长篇小说。年轻男子亚伯·内马精通十门语言，却失去了与人交流的能力，被锁在他自己的特殊沉默中。他流亡异乡，在社会边缘的难民堆中生活，人们或被他吸引，主动为其提供帮助，或对他有着无由来的仇恨，企图将其摧毁。他在人们激烈的爱恨中穿行，却仍与周围的一切保持着难以捉摸的疏离。在如今复杂的文化环境中，亚伯代表了那些背井离乡、被迫在一个新语言环境中重新塑造自我，甚至重新塑造人性的人。本书获得2005年莱比锡图书奖。
费里尼在罗马,https://img2.doubanio.com/view/subject/l/public/s34506371.jpg,[西] 蒂托·阿尔瓦 编绘,45.00,9787535699817,🌠弥留之际侵入脑海的梦，让费里尼重游精神故乡罗马
梁永安的电影课,https://img9.doubanio.com/view/subject/l/public/s34464634.jpg,梁永安,59.00,9787547320273,这是梁永安的第一本《电影课》，为我们解读了10部电影：《苔丝》《傲慢与偏见》《小妇人》《细雪》《走出非洲》《卡萨布兰卡》《罗生门》《少年派的奇幻漂流》《千与千寻》《法国中尉的女人》。
两个世界,https://img1.doubanio.com/view/subject/l/public/s34462587.jpg,[埃]里法阿·拉费阿·塔赫塔维,118.00,9787213109065,19世纪以来，欧洲工业革命所带来的成果已经盖过了东方世界曾经的辉煌。作为向西方开放贸易的东方国家之一，埃及也迫切地渴望参与其中，并分享果实。于是从19世纪20年代末开始，埃及的统治者穆罕默德·阿里派出留学生，前往欧洲学习最新的知识。本书的作者，里法阿·塔赫塔维便是埃及派出的第一批留学生之一，留学生们来到了当时欧洲的中心——法国，展开了为期5年的访问和学习。在此期间，塔赫塔维以一个阿拉伯知识分子的视角，记录下了他对法国乃至整个欧洲的观察，更是将现代性思想融入其中。当传统的阿拉伯社会，与标榜“理性”和“科学”的欧洲社会，通过一群留学生相遇时，塔赫塔维仿佛身处于两个截然不同的世界。这让他的观察陷入矛盾的漩涡：如何调和传统信仰与现代性思想之间的冲突？如何看待欧洲反绝对主义思潮与埃及政治体制之间的矛盾？……这些都是塔赫塔维不断遇到，又亟待解决的问题。
溶于雾中,https://img1.doubanio.com/view/subject/l/public/s34432610.jpg,[日] 笹泽左保,49.00,9787513351171,1场选美大赛   5名美女入围决赛
洛阿娜女王的神秘火焰,https://img1.doubanio.com/view/subject/l/public/s34471898.jpg,[意] 翁贝托·埃科,158.00,9787532791828,* 你只有回忆起过去，才能预见未来
魔术师,https://img1.doubanio.com/view/subject/l/public/s34490089.jpg,[爱尔兰] 科尔姆·托宾,89.00,9787532791569,＊《大师》《布鲁克林》作者科尔姆·托宾最新长篇力作
基因彩票,https://img2.doubanio.com/view/subject/l/public/s34418343.jpg,(美) 凯瑟琳·佩奇·哈登,98.00,9787205106744,只有承认天生的不平等，才能实现真正的社会平等。
给青年的十二封信,https://img1.doubanio.com/view/subject/l/public/s34472850.jpg,朱光潜,39.9,9787573008732,《给青年的十二封信》是朱光潜先生于 20 世纪 20 年代发表于《一般》杂志的文章合集，每一篇都是以“ 朋友 ”开头的书信体，每一句都能读出朱光潜先生的风趣幽默和真诚恳切。
我在北京送快递,https://img9.doubanio.com/view/subject/l/public/s34418466.jpg,胡安焉,56.00,9787572609268,进入社会工作至今的十年间，胡安焉走南闯北，辗转于广东、广西、云南、上海、北京等地，做过快递员、夜班拣货工人、便利店店员、保安、自行车店销售、服装店销售、加油站加油工……他将日常的点滴和工作的甘苦化作真诚的自述，记录了一个平凡人在生活中的辛劳、私心、温情、正气。
身为女性的选择,https://img2.doubanio.com/view/subject/l/public/s34456762.jpg,[日]上野千鹤子,56.00,9787512514959,上野千鹤子2023全新作品！写给所有女性的清醒之书。
献给爱与子宫的花束,https://img1.doubanio.com/view/subject/l/public/s34501399.jpg,[日本] 铃木凉美,59.00,9787559858535,“恶女斗士”、传奇作家铃木凉美的自传性随笔，
多元视域中的明清理学,https://img9.doubanio.com/view/subject/l/public/s34438285.jpg,吕妙芬,98.00,9787220127717,本书以明末清初理学文本与话语为主要研究对象，试图以更丰富而新颖的史料、新的研究议题与视角，探讨明清之际儒学的发展与转型。从儒者的生死观、工夫论、舜的圣人形象、孝行与家礼、夫妇之伦、人性论等主题，分析明清之际儒学如何在历史发展及反思中自我修正与转化，建构一个能兼顾个人道德修养与家庭社群人伦，能对治晚明学风之弊，并在日用人伦中重建社会秩序的思想体系。
慈雨,https://img9.doubanio.com/view/subject/l/public/s34474876.jpg,柚月裕子,69.80,9787559665966,日本年度十佳作品！一经上市就在日本销售了30万册！柚月裕子作品首次引入大陆！曾获“这本推理小说真厉害”大奖、大薮春彦文学奖、日本推理作家协会奖！日本书店图书大奖的日本推理名家！
多谈谈问题,https://img9.doubanio.com/view/subject/l/public/s34473805.jpg,吴琦,65.00,9787532186754,第33辑《单读》由9篇长访谈组成，针对历时性的问题，邀约许知远、郭玉洁、柏琳、杨潇、晓宇、叶三等作者，向不同领域的学者和从业者提问：鍾叔河、戴锦华、景凯旋、罗新、项飙、迈克尔·桑德尔、吕植、劳东燕、崔庆龙、张乔木（思想史万有引力）。
无限阅读,https://img1.doubanio.com/view/subject/l/public/s34474008.jpg,骆以军,70.00,9787532185481,马尔克斯、波拉尼奥、黄锦树、邱妙津的小说有多吸引人？
背对世界,https://img9.doubanio.com/view/subject/l/public/s34448756.jpg,[德]埃尔克·海登莱希,52.80,9787572610400,★ 与喧嚣的世界背道而驰，听见自己的声音。
反资本世界简史,https://img1.doubanio.com/view/subject/l/public/s34449249.jpg,[英] 大卫·哈维,78,9787218161211,当代西方马克思主义研究权威大卫·哈维关于资本主义危机的重磅新作
负零,https://img1.doubanio.com/view/subject/l/public/s34471069.jpg,[日]广濑正,58.00,9787559666932,\惊心动魄的时空冒险 丝丝入扣的绝妙设计/
布鲁克林有棵树,https://img9.doubanio.com/view/subject/l/public/s34462605.jpg,[美]贝蒂·史密斯,69.80,9787519470746,🌲生活千疮百孔，但被爱治愈的孩子，终会向阳而生。
等待鲸唱起下一首歌,https://img9.doubanio.com/view/subject/l/public/s34473155.jpg,[英]海伦·肯纳利,38,9787513350969,当中风专家不幸罹患中风，当心理师需要照护自己与家人，他们怎样面对人生中的意外与危机？
女性主义全球史,https://img2.doubanio.com/view/subject/l/public/s34403592.jpg,[英]露西·德拉普,86.00,9787305261244,※一部纵横两百五十年、跨越世界各大洲的女性主义全球发展史※
忠贞不贰？,https://img9.doubanio.com/view/subject/l/public/s34471366.jpg,[英]史怀梅,98.00,9787214269959,本书改变了以往以民族主义概念观察历史问题的视角，将10世纪燕云地区部分汉人官员和将领依附契丹政权的史实作为切入点，重新探讨了从唐灭亡至宋辽“澶渊之盟”间这一复杂时期内人们忠君观念和边界意识的变化，以及族群间文化冲突与认同等一系列重要问题。该书主要包括两大部分。第一部分专注于界定一系列概念并探讨相关观念的变化，包括边界、族性、忠诚的意识及它们之间的关系。第二部分通过对不同时期越境入辽的代表人物李澣、韩延徽、张砺、赵延寿、王继忠的个案分析，揭示了特殊历史阶段人们的不同选择。
白雪公主,https://img1.doubanio.com/view/subject/l/public/s34471229.jpg,[日] 森川智喜,49.00,9787513351805,◎日本新锐推理作家 森川智喜
一只鸟接着一只鸟,https://img9.doubanio.com/view/subject/l/public/s34391004.jpg,[美]安·拉莫特,56.00,9787521749748,你认识的每一个作家， 初稿写得都很糟糕，
女性如何书写历史,https://img9.doubanio.com/view/subject/l/public/s34460685.jpg,[英]弗朗西斯卡·韦德,118.00,9787513940641,请让那些声音发出声响
9号的工作,https://img2.doubanio.com/view/subject/l/public/s34494591.jpg,[韩国] 金惠珍,45,9787205106324,👾编辑推荐
晚清民初细菌学说与卫生防疫,https://img1.doubanio.com/view/subject/l/public/s34397778.jpg,姬凌辉,78.00,9787220128936,【内容简介】
生而为女,https://img9.doubanio.com/view/subject/l/public/s34458604.jpg,[英]海莉·鲁本霍德,,9787572610011,此书终结了喂养开膛手神话的厌女症。
山音,https://img1.doubanio.com/view/subject/l/public/s34371949.jpg,[日] 川端康成,45.00,9787545822038,⛰️★川端康成文学的最高峰，日本战后文学最高杰作之一！假托年老之境，谱写旧日本的挽歌。“对于死亡逼近的预感，描绘得比死亡本身更让人恐怖。”
第三极,https://img1.doubanio.com/view/subject/l/public/s34423038.jpg,[美]马克·辛诺特,69,9787020177592,珠峰登顶百年“疑云”
21世纪的21位思想家,https://img2.doubanio.com/view/subject/l/public/s34465582.jpg,[澳]麦肯齐·沃克,78,9787532182978,《21世纪的21位思想家》是一部介绍当代新思想的导论性书籍，作者用一本书的篇幅，评述了21位能够影响未来的思想家，为我们描绘了一幅当今世界思想导图。那些曾经启发我们、挑战我们认识局限的知识分子去哪儿了？谁是当今网络时代的萨特和波伏娃？本书作者认为，我们不会再有这样的人物 了，但是我们还有一般知识分子，他们的思考能够回应我们这个时代的疑虑和困惑。本书涵盖的话题包括文化、政治、工作、技术和人类世，评述的思想家有柄谷行人、齐泽克、朱迪·巴特勒、蒂姆·莫顿、东浩纪、全喜卿等。麦肯齐·沃克别具一格的解读既表达了欣赏赞同，同时也提出批判，她期待一般知识分子共同编织一张协同的思想之网，以使人们理解，乃至改变这个世界。
空芯手帐,https://img1.doubanio.com/view/subject/l/public/s34462248.jpg,八木咏美,49,9787573502612,★ “今天，我怀孕了，因为不想上班，因为同事太烦！”
边缘图像,https://img2.doubanio.com/view/subject/l/public/s34502973.jpg,[英]迈克尔·卡米尔,88.00,9787301334263,这是首部从历史和批评的角度探讨中世纪边缘艺术的专著。对中世纪的人们而言，边缘是双关、倒错和转化之地，是社会对立和心理冲突上演的场所。无论是常常出现在祈祷书页边的放肆无礼的丑角，还是教堂外墙上颇具嘲弄意味的滴水兽，都不在约定俗成的中心之内，而是身居边缘地带，孕育着反抗中世纪社会束缚的力量。
流动不居,https://img9.doubanio.com/view/subject/l/public/s34403156.jpg,[德]鲍里斯·格罗伊斯,48.00,9787568936392,-编辑推荐-
十字军东征,https://img1.doubanio.com/view/subject/l/public/s34423050.jpg,[美]克里斯托弗·蒂尔曼,88.00,9787552039245,在中世纪，曾有成千上万的欧洲人离开自己的家园，踏上追寻信仰之路，而在各种因素的影响下，最终带来的是一场绵延数百年的宗教战争——十字军东征。这一重要的历史事件一直是学者们关注的话题，也由此诞生了诸多经典之作。
荒原狼,https://img1.doubanio.com/view/subject/l/public/s34415320.jpg,[德] 赫尔曼·黑塞,59.8,9787533971014,“我们所知的世界，包含其中的不公、腐朽和恶意，如何与我们信任的理想和至高愿景相协调？
彩虹几度,https://img2.doubanio.com/view/subject/l/public/s34467062.jpg,[日]川端康成,48.00,9787515523842,诺贝尔文学奖得主、日本新感觉派文学大师川端康成——精选十卷集！
表演与阐释,https://img1.doubanio.com/view/subject/l/public/s34477840.jpg,[美] 柯马丁,88.00,9787108074157,我试图将早期中国的诗学文化置入宗教、政治、哲学思想及实践的大语境中。比起将写定的文本视为当然，认为它们是早期中国文化最为自然、不证自明之物，我更愿意去探讨这些文本如何在一个与当下完全不同的世界中运作：那不是一个由沉默的抄者和读者组成的世界，在那个世界中，无论是书面文本还是口头文本，都与由鲜活的宗教政治仪式、政治劝诫、教与学、道德修身等构成的表演传统相关。那是一个诗学文本绝非纯然以书面制品的形式而起作用的世界。
改变世界的17个方程,https://img2.doubanio.com/view/subject/l/public/s34449433.jpg,[英] 伊恩•斯图尔特,89.80,9787115608970,17段改变人类文明进程的数学故事
欲望与归零,https://img9.doubanio.com/view/subject/l/public/s34464594.jpg,[美]杜锺敏,58.00,9787559855961,德勒兹认为，欲望是一种生产性的积极力量，渗透于个人、社会、国家等各个领域，一切生产都是现实的欲望生产，欲望机器就是社会机器。德勒兹希望我们去做的，是一个欲望机器归零的境界。一般人在每一次逆境、失败、挫折时，只有把自我或者自我原来的执着消解、归零，才能在困境中找到“和谐元素”，从而调整心态，找到解决问题的办法。
不再讨好,https://img9.doubanio.com/view/subject/l/public/s34438024.jpg,黄玉玲,59.8,9787115594839,武志红诚挚推荐。
黑死病下的日常,https://img2.doubanio.com/view/subject/l/public/s34477331.jpg,[美]约瑟夫·P.伯恩,78,9787552040142,1348年，死神挥动镰刀，整个欧洲笼罩在黑死病的阴影下，学校停课、教堂关门、店铺废弃、邻里远迁、建筑停工……街道上不再有熙熙攘攘的人群，摊贩们的叫卖声变成了尸体搬运工们粗声粗气的吆喝，堆满了尸体和濒死之人的马车嘎吱嘎吱地提醒着所有人死亡的迫近。人们蓦然发现，自己所生活的这个世界不但受到了疾病的威胁，而且永远被疾病改变了。
古希腊思想通识课：修昔底德篇,https://img2.doubanio.com/view/subject/l/public/s34458663.jpg,张新刚,68.00,9787556130870,公元前431年，希腊世界内部的两大阵营爆发了长达27年的伯罗奔尼撒战争。在这场影响深远的战争里，各类城邦与各色人等轮番登场，在各种极端环境中做出自己的抉择。
春,https://img9.doubanio.com/view/subject/l/public/s34458594.jpg,[英] 阿莉·史密斯,,9787533971113,“这任凭日常困苦扰人心神，而仍怀揣希望的奔徙，就是爱。”
巴基斯坦寻根之旅,https://img9.doubanio.com/view/subject/l/public/s34416804.jpg,[英]伊桑巴德·威尔金森,55.00,9787100215923,英国、印度与巴基斯坦百年纠葛的缩影
春天的十七个瞬间,https://img1.doubanio.com/view/subject/l/public/s34486408.jpg,[苏联] 尤利安·谢苗诺夫,78,9787532790937,★ 谍战小说巅峰之作，影响后世无数作品
两度,https://img9.doubanio.com/view/subject/l/public/s34389264.jpg,[法]弗兰克·蒂利耶,68.00,9787559664761,🪄让读者失去所有参照物，《未完成的手稿》嵌套式神级续写！
无所乐观的希望,https://img9.doubanio.com/view/subject/l/public/s34393225.jpg,[英] 特里·伊格尔顿,,9787532183586,伊格尔顿这本书中，关于希望的讨论始于坚决拒绝乐观在人生历程中的作用。伊格尔顿探究这个熟悉却难以捉摸的词的含义：这是一种情感吗？它与欲望有何不同？它会迷恋未来吗？最后，伊格尔顿提出了悲剧性希望的新概念，其中这种旧的美德代表着即使在遭受毁灭性损失之后仍然保持的力量。
谜托邦02,https://img2.doubanio.com/view/subject/l/public/s34505932.jpg,华斯比 主编,79.00,9787559666642,怪异君、呼延云鼎力推荐！
创造欧洲人,https://img1.doubanio.com/view/subject/l/public/s34387209.jpg,[英] 奥兰多·费吉斯,148.00,9787547742273,1846年6月13日巴黎一布鲁塞尔铁路开通，1500名旅客接受铁路公司经营者罗斯柴尔德男爵的邀请，搭上首航火车。受邀的旅客包括法国国王国王路易·菲利普一世之子内穆尔公爵和蒙庞西耶公爵、法国和比利时的官员们、大仲马、雨果、戈蒂耶、安格尔等名人。旅途中，柏辽兹指挥乐队在火车上演奏了《葬礼及凯旋大交响曲》。这条铁路并非第一条国际铁路，但却被视为最重要的，因为它连接了法国和低地国、英国与德语区。铁路穿越国界，就此开启了欧洲文化的新时代。作家、艺术家、歌剧团、乐队和演员成为常客，搭乘火车穿梭各国，举办大量的演奏会、艺术展览、读书会、沙龙，国际市场也借由便捷的跨国运输向量产的廉价画作复制品和书籍、乐谱的印刷品开放。
剑桥第一次世界大战史（第1卷）,https://img1.doubanio.com/view/subject/l/public/s34453019.jpg,【美】杰伊·温特  主编,238.00,9787308202138,第1 卷《全球战争》全面叙述了这场战争的军事史。一个由杰出历史学家组成的国际团队详细记述了全球主义如何使一场大战成为可能，帝国主义扩张又如何演变成巨大灾难，战争逐年扩大的规模和破坏力远远超过了人们在1914年预计的程度。
我们为什么爱喝酒,https://img9.doubanio.com/view/subject/l/public/s34465504.jpg,森舸澜,68.00,9787213108556,每一滴酒精都对人体有害，但几乎没有一个文明错过酒精，这个现象背后有一些值得推敲的地方。森舸澜在本书中主张，酒精是人类最早的随身携带的吐真剂，它带来迅速起效但温和稳定的理性掉线、创造性思维提升，一直是促进人类合作、文化传承与创新的关键要素。在没有酒精的地方，代替它的是更加 耗时的舞蹈、效果更难以控制的药物等。
凯尔特神话全书,https://img1.doubanio.com/view/subject/l/public/s34371939.jpg,[英] 彼得·贝雷斯福德·埃利斯,128.00,9787572604188,🔱「世界神话全书」之凯尔特卷
当医疗出错时,https://img9.doubanio.com/view/subject/l/public/s34381484.jpg,[美]丹妮尔·奥弗里,78,9787544794787,医疗过失比我们想象中普遍得多，但大部分是可以避免的。
最后的故事,https://img1.doubanio.com/view/subject/l/public/s34488809.jpg,[波兰]奥尔加·托卡尔丘克,52.00,9787533971694,◑诺奖得主托卡尔丘克长篇小说代表作
第三牧场,https://img1.doubanio.com/view/subject/l/public/s34474809.jpg,辉格,78.00,9787203127628,阶层是支撑复杂社会的一个重要结构元素。本书围绕等级阶梯的构造、壮大、嵌套、封闭、开放等，梳理了奉行原始平等主义的狩猎采集群体如何一步步发展成结构庞杂、层级丰厚的大型人类社会；对当今全球生育率下降导致的社会进化模式的转变，以及等级、文化、价值阶梯的断裂，进行了分析与反思。
古人之夜,https://img2.doubanio.com/view/subject/l/public/s34414942.jpg,(美) 南希· 贡琳,108.00,9787559856463,诚如利希滕贝格所言，“我们整个历史仅仅是醒着的人的历史”，甚少有人研究夜晚。然而，古代的夜晚真是漆黑一片吗？古人又是如何度过漫漫长夜的呢？
亚文化,https://img1.doubanio.com/view/subject/l/public/s34494590.jpg,[英]迪克·赫伯迪格 著,58.00,9787559855060,“说到底，亚文化是一种冒犯的姿态。它是弱者发出的噪声，并试图从地下的暗处带回光明。”
中国古代社会,https://img9.doubanio.com/view/subject/l/public/s34430334.jpg,许进雄,108,9787208178526,起源于图绘的中国古文文字，是历史悠久的非物质文化遗产。一笔一画中，隐含了先民言语的符号。象形的文字可以反映创字时的生活环境、使用的工具、生活的方式，甚至是处理事务的方法和思想观念。以分析古文字来探求古代社会的具体状况，可以解读古文明的重要信息。
那些古怪又让人忧心的问题又来了,https://img1.doubanio.com/view/subject/l/public/s34415027.jpg,[美]兰道尔·门罗,88.00,9787574207653,★  比尔·盖茨盛赞，全球百万级畅销科普作家，《What If？那些古怪又让人忧心的问题》《How to 如何不切实际地解决实际问题》《万物解释者》的作者兰道尔·门罗新作来了！
冷亲密,https://img1.doubanio.com/view/subject/l/public/s34489129.jpg,[法]伊娃·易洛思,49.00,9787556131556,☆“世界上最有影响力的12位思想家之一”（德国《明镜周刊》）
我的骨头会唠嗑,https://img1.doubanio.com/view/subject/l/public/s34508228.jpg,廖小刀,96.00,9787515523897,一部法医兄弟的真实尸检手记，一幅法医视角的人性浮世绘。
悠悠荡荡小天国,https://img1.doubanio.com/view/subject/l/public/s34472559.jpg,[日]小川糸,49.8,9787572609992,支撑一个人的生活的，好像从来都不是理想与野心，而是零碎而值得欣喜的事。 小川糸散文随笔新作，她的文字带有一如既往的浓厚疗愈色彩，已成为万千读者的生活中不可或缺的重要养分。 这个世界再也没有什么东西，比过好生活还来得重要。“将耳朵浸泡在池水里，外界的声音即刻被阻断，之前置身的世界仿佛变得异常遥远。我闭上眼睛，任池水载着身体漫无目的地漂荡，渐渐地分不清身在何处，好像整个人都孤零零地悬浮在广漠的宇宙之中。” 怡然自得的感觉太过迷人，不足为奇的平淡日常亦十分可贵。哪怕只是琐碎的小事，也能为生活增添一丝愉悦。期望很久很久以后，当回忆往昔，我们仍会觉得过往的岁月都闪闪发光、无可取代。 グリーンピース 无论现实世界如何艰辛，小川糸的文字都会给我们提供一个安逸的角落。
主体理论,https://img2.doubanio.com/view/subject/l/public/s34508293.jpg,[法]阿兰·巴迪欧,108.00,9787568084031,《主体理论》于1982年在法国首次出版，是阿兰•巴迪欧最重要的作品之一。全书从拉康精神分析学说的角度出发，探寻主体理论，将马克思主义、结构主义与后结构主义纳入理论阐发，展现了精神分析学说与哲学间的有机联系。作者精彩的文学分析，赋予理论建设以艺术美感与现实深度。
一激到底,https://img2.doubanio.com/view/subject/l/public/s34478162.jpg,[美]希拉里·弗里德曼,88.00,9787218160672,【编辑推荐】
外面的世界I,https://img1.doubanio.com/view/subject/l/public/s34395100.jpg,[法] 玛格丽特·杜拉斯,69,9787521750539,★“我会为外面而写，每当外面的世界将我吞没，每当发生了一些让我疯狂，让我必须窜出去、走到大街上去的事”★
资本主义与精神分裂（卷２）,https://img1.doubanio.com/view/subject/l/public/s34471279.jpg,[法] 吉尔·德勒兹（Gilles Deleuze）,118,9787208178977,本书由一座座“高原”组成，每一座高原都将不同的主题构成错综复杂的网络，这些主题则与众多学科关联在一起。德勒兹和加塔利将艺术、数学、地质学、生物学、语言学、人类学、历史学、动物行为学、文学、音乐、政治理论、经济学等学科的资源转变、折叠，在此基础上，概念的地壳不断隆起，形成了稳定的地标——高原。散布于书中的“根茎”式的思维方式或许是人类历史上最具创造力的，因为它已经触动了建筑、文学、舞蹈、电影、新媒体等众多非哲学领域的琴弦。
攒多少钱，才能安心养老,https://img9.doubanio.com/view/subject/l/public/s34470314.jpg,槽叔,68,9787559666697,社科院预测，2035年养老金或将耗尽。面对老龄化、少子化的双重压力，自己给自己养老，已经是无可回避的事实。要攒够多少钱，才能让自己安度晚年？
艺术家之死,https://img2.doubanio.com/view/subject/l/public/s34475062.jpg,[美]威廉·德雷谢维奇,88,9787521749670,艺术家如何在数字时代谋生？你会听到两种截然不同的声音。
翻译侦探事务所,https://img1.doubanio.com/view/subject/l/public/s34486450.jpg,赖慈芸,45.00,9787108073198,还原名著翻译的前世今生，考索译人的生涯往事，回望共同的翻译记忆，拼凑出大时代下的翻译史拼图。幽默风趣的文字呈现严峻荒诞的史实，搭配上下求索得来的珍贵图片、经年爬梳的详尽图表，图文并茂地佐证内容的真实无讹。
化家为国,https://img1.doubanio.com/view/subject/l/public/s34476317.jpg,黄丽君,88,9787208181441,本书是一部立论扎实、问题意识鲜明的清代制度史作品。
危险的边疆,https://img9.doubanio.com/view/subject/l/public/s34471364.jpg,[美]托马斯·巴菲尔德,118.00,9787214280435,《危险的边疆：游牧帝国与中国》通过对两千多年历史时段之内游牧帝国与中原王朝之间历史关系的人类学考察，提出了一个解释包括蒙古帝国在内的游牧大帝国兴盛和衰亡的政治和经济组织分析模式，并对中原与这些帝国的关系作了贯通性的研究。作者提出了游牧力量在与中原接触时所交替采取的“外部边界战略”和“内部边界战略”问题，指出游牧帝国对中原北部地区统治的周期律在某种程度上表现为一种基于集权化与分权化之上的机制性更替过程。本书为中国边疆史研究贡献了一种不同于专业史学家的新思路。
千面宋人,https://img1.doubanio.com/view/subject/l/public/s34449908.jpg,仇春霞,108.00,9787559853172,一部宋人命运浮沉录
角谷的藏书架,https://img2.doubanio.com/view/subject/l/public/s34416193.jpg,[美]角谷美智子,118.00,9787522511856,送给所有“爱书人”的一份礼物
甲午战争前后之晚清政局,https://img9.doubanio.com/view/subject/l/public/s34486446.jpg,石泉,89.00,9787108073075,本书脱胎自石泉教授受业于陈寅恪先生时撰写的硕士论文，完成于1948年。历经半个世纪的历史风雨尘埃冲刷掩埋后得以问世，初版于1997年。此次再版，面貌一新。旨在使这部经典之作臻于完善。
外面的世界II,https://img2.doubanio.com/view/subject/l/public/s34395101.jpg,[法 ]玛格丽特·杜拉斯,58,9787521750546,★“我会为外面而写，每当外面的世界将我吞没，每当发生了一些让我疯狂，让我必须窜出去、走到大街上去的事”★
中国转向内在,https://img9.doubanio.com/view/subject/l/public/s34471365.jpg,【美】刘子健,68.00,9787214270030,在两宋之际的战乱动荡中，政治凌驾于经济、文化之上，专制皇权膨胀为绝对独裁，一些倾向保守的知识分子转向儒学，以道德重建为救亡图存之道，这种保守主义思想终于被树立为国家正统，这就是影响后世中国近千年之久的“理学”。然而，对于思想文化的发展来说，这是一场得不偿失的胜利。11世纪曾经纵横恣肆、辉煌一时、充满外向活力的中国知识分子和他们所创造的思想，在正统的笼罩下趋向内在、保守、封闭、自省，失去创新的动力。
天潢贵胄,https://img2.doubanio.com/view/subject/l/public/s34471363.jpg,[美]贾志扬,108.00,9787214280497,1127年，金军攻陷宋都开封，掠走徽钦二帝和3000余近支宗室。徽宗之子赵构在杭州重建宋朝，他死后帝位回到了匡胤子孙手里。流落到南方的宗室继续得到政府的特权和照顾，但获得了应举、做官的自由，逐渐融入士大夫阶层，个中佼佼甚至官至宰相。1279年，宋朝灭亡，赵氏三兄弟后裔作为宗室的历史宣告结束，作为宗族的历史翻开了新的一页。
人类灭绝,https://img9.doubanio.com/view/subject/l/public/s34464244.jpg,[日] 高野和明,69.90,9787547744048,【内容简介】
规则的悖论,https://img1.doubanio.com/view/subject/l/public/s34484459.jpg,大卫·格雷伯,65.00,9787521749816,从职称评审、抵押贷款，到申请办公设备甚至出行购票的流程，五花八门的规定可以让我们填写无数张表格，在流程的提交与退回中反复摩擦，当每天的生活从填表开始，我们不禁困惑：真的需要这么多流程吗？
看不见的伤痕,https://img9.doubanio.com/view/subject/l/public/s34476656.jpg,[美]蕾切尔·路易丝·斯奈德,69.00,9787513350914,➢内容简介
挑战古人100天2,https://img1.doubanio.com/view/subject/l/public/s34449510.jpg,云葭,72.00,9787559666000,一本大宋小民生活日志！
在东大和上野千鹤子学“吵架”,https://img2.doubanio.com/view/subject/l/public/s34410342.jpg,[日]遥洋子,52.00,9787559665386,▲想要在“吵架”中获胜？上野千鹤子教授告诉你：
唯物主义,https://img9.doubanio.com/view/subject/l/public/s34393226.jpg,[英] 特里·伊格尔顿（Terry Eagleton）,,9787532183364,作为英国左派知识分子的领军人物，特里·伊格尔顿在本书中首次对唯物主义这一中国读者耳熟能详的概念进行了全面的观察与思考，其论述的唯物主义并不局限于日常什物或哲学史上的相关讨论，而是由“身体”——人存在于世的物质基础出发，借助马克思、尼采、维特根斯坦与阿奎那的理论，在哲学、文化、科学等各个层面上展开。由此，伊格尔顿将唯物主义从唯物与唯心的对立中解放出来，还原回人类社会生活与精神生活的方方面面中。
鸭镇往事,https://img1.doubanio.com/view/subject/l/public/s34438029.jpg,曹寇,68.00,9787532183593,听名字，曹寇就不可能是一个正经的家伙，可我愿意正经地推荐他的小说。如果你正空洞、正无聊，恰好又赶上了一本曹寇的书，我还能对你说什么呢，我只能恭喜你。
动物为什么吃不胖,https://img2.doubanio.com/view/subject/l/public/s34475632.jpg,[澳] 大卫·劳本海默,60.00,9787221175373,英国《新科学人》杂志年度最佳科普图书，两位前沿科学家横跨30年营养实验，揭秘人类代谢的蛋白质杠杆原理，让野生动物的饮食智慧教你远离肥胖，平衡美味和健康。
唯有书籍,https://img9.doubanio.com/view/subject/l/public/s34471974.jpg,（英）汤姆·摩尔,68,9787553526980,读书的人会消失，但书籍将带着记忆永存。
中古探微,https://img2.doubanio.com/view/subject/l/public/s34467211.jpg,[美]伊沛霞,158,9787573205889,推荐语：伊沛霞教授五十年中国史研究成果精选。
看不见的孩子,https://img1.doubanio.com/view/subject/l/public/s34508148.jpg,[美]安德里亚·埃利奥特,88,9787521753783,【编辑推荐】
每一句话语都坐着别的眼睛,https://img9.doubanio.com/view/subject/l/public/s34481205.jpg,[德] 赫塔·米勒,52.00,9787221173836,2009年诺贝尔文学奖得主赫塔·米勒的准自传
全能学习法,https://img2.doubanio.com/view/subject/l/public/s34453321.jpg,[英] 彼得·霍林斯,49.80,9787522509716,达•芬奇、埃隆•马斯克等“文艺复兴人”学习技能大揭秘
杀手的记忆法,https://img2.doubanio.com/view/subject/l/public/s34394501.jpg,[韩] 金英夏,,9787512514621,·患上阿尔茨海默症对连环杀手而言，简直是人生送来的烦人玩笑。
精神分析的新发展,https://img1.doubanio.com/view/subject/l/public/s34467830.jpg,[美]乔治·哈格曼,88.00,9787559855794,这是一本心理治疗师的临床指南，更是心理咨询者的可靠良方。本书对主体间自体心理学（ISP）的理论及其临床应用进行了全面的概述，读者将深入了解过去半个世纪以来该学科发展最具生活指导意义的内容。
男孩女孩呵护手册,https://img1.doubanio.com/view/subject/l/public/s34455929.jpg,[日] 福地麻美,58,9787213108808,为了坚定地守护孩子，
朝不保夕的人,https://img1.doubanio.com/view/subject/l/public/s34493509.jpg,[英]盖伊·斯坦丁,68.00,9787213108563,每一个生存不稳定、看不见未来而只能活在当下的人，都正在滑落为朝不保夕的人。
茶烟歇,https://img9.doubanio.com/view/subject/l/public/s34403366.jpg,范烟桥,68,9787534097775,《茶烟歇》为民国才子范烟桥所著掌故笔记合集，是一部才子书，亦是一部乡邦文献，更包含了“可以订正史之讹，可以补官书之阙”。全书包含文章272篇，前部收入孙东吴、严独鹤、周瘦鹃、程小青、顾明道、尤半狂、江红蕉、金震、赵汉威、张圣瑜、金祖谦、冯超人序言12篇，柳亚子、金鹤望、包天笑等20人题辞，范烟桥自填《沁园春》一阕。本次出版将《茶烟歇》单独整理成书，便于读者细赏，所据底本为《茶烟歇》民国二十三年（1934）中孚书局初版，并对标点、句读进行调整，正其舛误，改繁体为简体，以俾读者茶余饭后消闲把玩，也正合作者于茗香烟缕间下笔之意。
来者是谁,https://img2.doubanio.com/view/subject/l/public/s34455932.jpg,郑伊看,168,9787574101852,13—14世纪欧洲艺术中出现了一个鲜为人关注的现象，在意大利绘画中出现了一些东方面孔。在中世纪人眼中，东方人形象复杂而多义，其塑造植根于同时期社会政治、宗教和文化传统之中，并随着教廷与东方的交往关系发生变化。
驻马店伤心故事集,https://img2.doubanio.com/view/subject/l/public/s34487121.jpg,郑在欢,52.00,9787532183401,“90后”作家郑在欢成名作修订再版，讲述用生命活出来的故事，那些老弱的、穷困的，病的、疯的、死的……21篇“非正常人类”的残酷故事，十一位畸零人的十一种活法，还有那些熟悉又陌生、既爱又恨、想要远离又难割舍的往事。他以不动神色的“狠意”刺透温情脉脉背后的残酷现实，以黑色幽默稀释悲喜人生。这些故事书写了以驻马店为代表的中原大地上的人和他们的生活，一种已经被遗忘和正在失去的现实，让我们体会到一种活生生的现实逻辑与古朴的情感表达，直面人性的弱与恶。
拉丁姆（全二卷）,https://img1.doubanio.com/view/subject/l/public/s34472689.jpg,[法] 罗曼·吕卡佐,,9787533969417,🌌当代法语科幻新高峰
豹,https://img9.doubanio.com/view/subject/l/public/s34471784.jpg,[意]朱塞佩·托马西·迪·兰佩杜萨,59,9787020177554,兰佩杜萨的代表作，意大利斯特雷加文学奖获奖作品。全书共八个章节，讲述了西西里一个古老贵族在资产阶级革命风暴中经历的衰亡史，它记录了一个时代的结束，见证了另一个时代的开启。小说以加里波第登陆马尔萨拉为切入点，展开了萨利纳家族在这一动荡时期发生的故事。除了社会变革这一条主线 外，书中还有一条支线，那就是爱情，从侧面展现了新旧两个阶级间互相利用、互相渗透的现象。它是一曲时代的伟大哀歌，叙事悠长、大气，语言生动诙谐，完美展现了那个波澜壮阔的时代，令人耳目一新。小说《豹》被改编成电影，获得戛纳电影节金棕榈奖，成为震惊影史的杰作。兰佩杜萨的一生是短暂的，但是，他留下的长篇小说《豹》却是不朽的。
雪国,https://img9.doubanio.com/view/subject/l/public/s34370824.jpg,[日] 川端康成,55.00,9787545822175,🌲★川端康成最负盛名的代表作，日本近代文学史上抒情文学的巅峰，极致展现川端文学的美丽与哀愁、徒劳与虚无。彷徨迷茫的岛村，遇见热烈的驹子、纯情的叶子，一段错爱冲击了他们的世界，也带来了关乎生存的思考。一部影响莫言、余华、苏童等知名作家的杰作，多次被改编成影视剧，长盛不衰！ “川端康成是文学里无限柔软的象征。”
小鸟,https://img1.doubanio.com/view/subject/l/public/s34454208.jpg,[日] 小川洋子,65.00,9787533970116,《小鸟》是日本作家小川洋子创作的长篇小说。
需要我时打给我,https://img2.doubanio.com/view/subject/l/public/s34421181.jpg,[美] 雷蒙德·卡佛,68.00,9787573503237,★雷蒙德·卡佛杂文集，全面呈现文学大师的思悟与洞见。
西部往事：莱昂内谈电影,https://img2.doubanio.com/view/subject/l/public/s34397262.jpg,[意]塞尔吉奥·莱昂内,78,9787521748925,【编辑推荐】
摇滚：一部历史，1920~1963,https://img1.doubanio.com/view/subject/l/public/s34493567.jpg,[美]埃德·沃德（Ed Ward）,98,9787520191562,骨灰级乐评人、摇滚历史学家埃德·沃德晚年力作
我们内心的冲突,https://img1.doubanio.com/view/subject/l/public/s34500000.jpg,[美]卡伦·霍妮,55,9787559469977,内容简介
诠释与过度诠释,https://img2.doubanio.com/view/subject/l/public/s34472253.jpg,[意] 翁贝托·埃科,69.00,9787532791279,* “不错，所有诠释者都是平等的，但有一些要比另一些更平等。”
那个苹果也很好,https://img9.doubanio.com/view/subject/l/public/s34459226.jpg,栾颖新,59.80,9787572610035,东北女作家、90后历史学博士生栾颖新在巴黎六年的生活随感。因为旅行时看到被列为“瑕疵品”的苹果，作者展开了关于人生和自由的思考，由此写下这本书。本书由一些可爱、短小的篇章组成。栾颖新用轻松的语调和温暖的眼光，描绘着她所居住的巴黎，历数着在这座自由城市的收获。在此书中，她讨论的不止是一座城市，还有“我为何在巴黎”、“巴黎留学生涯”之外，更有“我在巴黎回望往昔”、“我从巴黎去往何处”。巴黎是文学的，也是生活的，每个人心中的巴黎都不同。在学术之外，颖新更愿意温柔地观察、真诚地记录生活。于她而言，巴黎是温柔之海，承托着她，让她自由地漂浮，做一只随心所欲的“苹果”。
有效的安慰,https://img9.doubanio.com/view/subject/l/public/s34414054.jpg,[法]克里斯托夫·安德烈,59.8,9787115602695,安慰是同频的陪伴。
几何学的力量,https://img2.doubanio.com/view/subject/l/public/s34462262.jpg,[美] 乔丹·艾伦伯格,79,9787521752847,在科学、经济学、信息技术、金融学、公共卫生等领域的现实问题中，
旧金山海湾景象,https://img2.doubanio.com/view/subject/l/public/s34465761.jpg,[波]切斯瓦夫·米沃什,68.00,9787559857729,☆文学纪念碑53 诺贝尔文学奖得主米沃什反思人类文明之作，兼具回忆录与玄思性质的散文集，关照个体在历史中的限度与无助
生命之道,https://img9.doubanio.com/view/subject/l/public/s34478064.jpg,[美]冯珠娣,40.00,9787214278814,在西方，中医向来被认为带有神秘主义和迷信色彩，其效验有赖于人们的盲信。冯珠娣教授以她对于今日中国社会、知识界和医学圈的扎实深入的了解，在此做出了一番关于中医简明而精确的论述，回答了此前长久萦绕的一些本体论、认识论和伦理上的问题，试图超越生物医学和西方中心主义的局限，在科学与人文的交汇点上重新认识传统中医的价值。
电影分镜艺术典藏,https://img1.doubanio.com/view/subject/l/public/s34459287.jpg,[英] 费奥纽拉·哈利根 编著,248.00,9787574002593,全世界影迷的终极收藏品
无钱幸福,https://img1.doubanio.com/view/subject/l/public/s34464340.jpg,[德]海德玛丽·施韦尔默,50,9787532791491,“我想改变的不是人，而是这个围绕金钱打转的世界。”
打碎哈姆雷特的镜子,https://img1.doubanio.com/view/subject/l/public/s34494848.jpg,[美]马文·卡尔森,30,9787305261657,哈姆雷特有一句著名的话：“戏剧表演就像举起镜子观照自然。”但是与镜子里的映像不同的是，戏剧中的形象是由真实的物体构成的，其中最瞩目的就是人的身体，其在映像的世界之外是独立的存在。在整个西方戏剧史中，有一些时候隐藏在幻觉之后的现实被展示出来。近年来，欧洲和北美戏剧开始唤起人们对其作品中真实元素的关注，即表演者的直接呈现——他们并不创造角色，他们甚至不是演员，而是作为自己出现在舞台上；文本不是由剧作家创作的，而是来自现实生活：有时候演员和表演者（跟观众）共处于真实的环境，其中包含有他们可以直接接触到的真实元素。
东京人（全两册）,https://img2.doubanio.com/view/subject/l/public/s34364512.jpg,[日]川端康成,136.00,9787515523859,诺贝尔文学奖得主、日本新感觉派文学大师川端康成——精选十卷集！
清代传统法秩序,https://img2.doubanio.com/view/subject/l/public/s34501382.jpg,[日]寺田浩明,98,9787559858092,日本著名法制史学者寺田浩明破解传统中国法之谜的扛鼎之作，以清代法为切入点，探索传统中国法秩序全貌的思想结晶。
植物妻子,https://img2.doubanio.com/view/subject/l/public/s34408921.jpg,[韩] 韩江,58,9787541165320,◆诺贝尔文学奖热门候选，亚洲首位布克国际文学奖得主韩江短篇小说集。荣膺意大利马拉帕蒂文学奖、西班牙圣克莱门特文学奖、入选国际都柏林文学奖短名单、挪威未来图书馆项目年度作家。
孤岛的来访者,https://img1.doubanio.com/view/subject/l/public/s34489948.jpg,[日] 方丈贵惠,49.00,9787513351850,◎第29届鲇川哲也奖获奖作《时空旅行者的沙漏》系列第二弹
大地中国,https://img9.doubanio.com/view/subject/l/public/s34475885.jpg,韩茂莉,69.00,9787549639359,◎ 编辑推荐
鸟山明〇作剧场,https://img9.doubanio.com/view/subject/l/public/s34497586.jpg,[日] 鸟山明,135.00,9787574001053,【编辑推荐】
屠海,https://img9.doubanio.com/view/subject/l/public/s34480394.jpg,法利·莫厄特,98,9787559856746,继《寂静的春天》之后重要的自然文学作品，记录16-20世纪超过50种北大西洋沿岸物种减少甚至灭绝的过程，掀起了世界范围内海洋生态保护的热潮。自由大地丛书
寂静连绵的山脉,https://img1.doubanio.com/view/subject/l/public/s34465378.jpg,彭剑斌,59,9787532183425,彭剑斌最新小说集。
致命地图,https://img1.doubanio.com/view/subject/l/public/s34407389.jpg,[英]桑德拉·亨佩尔,,9787559665225,【越是在我们以为安全的时候，病毒越可能卷土重来。】
藕香零拾,https://img2.doubanio.com/view/subject/l/public/s34464263.jpg,张旭东,58,9787532185856,本书为“六合丛书”最新一种。本集以人物为纲，收录关于近现代知识分子的随笔三十余篇，包括陈寅恪、陈垣、傅斯年、吕思勉、顾颉刚、杨绛等。所涉主题如陈寅恪的“恪”字究竟怎么读、陈寅恪与傅斯年的交往、顾颉刚在五六十年代的经历，大多有趣味而有意义。大部分文章此前发表于《读书》《中华读书报》等报刊，亦有几篇为首次刊布。
知其所止,https://img1.doubanio.com/view/subject/l/public/s34408359.jpg,潘星辉,89.00,9787108075161,本书是作者在上海交大历史系开设课程“中国文化史”的基础上重新结构撰写而成。全书取用思想史的视角，采用“典籍选讲”的方式，按照先秦儒家、道家、道教、佛教、理学、明清之际思想及清代三教混融的次第，选钞《论语》《孟子》《庄子》《抱朴子内篇》《佛遗教经》《佛说阿弥陀经》《坛经》《朱子语类》《语录》《传习录》《明夷待访录》《阅微草堂笔记》的部分内容，以学术笔记的形式，分设若干条目进行讨论：一方面贴近文本，在具体的语义、范畴辨析中，呈现经典的主旨与原貌；另一方面，又把对作者、著述、相关思想的阐绎，放置在时代思想的宏观视域中加以考察，试图在“总体史”的关照下，打通“文”“史”界划，探索古代思想的内在紧张及外在局限，并由此窥见中西文明的根源性差异。
家族血缘,https://img2.doubanio.com/view/subject/l/public/s34465552.jpg,[法] 米歇尔·普西,49.8,9787572602566,这是米歇尔·普西一本精彩的悬疑小说，以莫尔塞岛上两个犯人逃跑开篇，小说讲述了发生在岛上的一个关于宝藏的惊心动魄的故事：两个犯人逃跑后，警方追查，另一方面知晓宝藏秘密的让·雷米的儿子科林重返莫尔塞岛，试图解开父亲去世的谜团。案件交织，线索纠缠到一起，歹徒跨越十年的阴谋浮出水面——在科林继承土地之前得到宝藏。科林被歹徒欺骗并挟持去寻找宝藏，机智的科林一路上给同伴留下线索，在危急时分得救。真相最终揭开，所谓宝藏不过是一款优质葡萄酒和一片土地，但对科林来说，他找到了父亲留下来的满满的爱。小说情节跌宕起伏，双线叙事层层递进，引人入胜，跨越时间和生死的父子亲情极为感动人心，故事对于人性的揭示也让人深思。
剑桥第一次世界大战史,https://img9.doubanio.com/view/subject/l/public/s34409514.jpg,【美】杰伊·温特 主编,248.00,9787308233781,第3卷《民间社会》集中于描绘第一次世界大战期间，各个战场及后方的社会生活，并从整体上介绍战争期间各国的文化以及战争纪念活动。各章的作者从全球性的宏观视角出发，审视了战争期间的人口流动、家庭关系变迁、不同家庭成员的境遇、社会生产分工的变化、难民的产生和变动、病患及医疗技术的进展等等社会生活方面，此外，还从不同角度概述了各国的文化生活，包括战争期间的军人作家的活动，各国的宣传行为，电影、雕塑、悼念等活动。最后，本卷为三卷本做了总结，简要估算了第一次世界大战在各国造成的直接损失。当然，这场大战造成的间接损失，已经体现在各章具体的描绘之中。
约翰生传,https://img2.doubanio.com/view/subject/l/public/s34484682.jpg,[英] 詹姆斯·鲍斯威尔,698.00,9787532783168,★ 英国文学史上传记头把交椅，华语世界首个全译本
玛丽·居里和她的女儿们,https://img9.doubanio.com/view/subject/l/public/s34453776.jpg,[英] 伊莫金·格林伯格 著,68.00,9787556710409,还原“居里夫人”独立的女性身份，见证她如何突破女性困境。
镜影,https://img2.doubanio.com/view/subject/l/public/s34466763.jpg,[美] 布鲁斯·斯特林 编,59.00,9787569947038,作为科幻文学的重要流派，赛博朋克的出现可谓是给日渐消沉的新浪潮科幻一记重击，革新了科幻文学史。赛博朋克回归到硬科幻风格，以“赛博朋克掌门人”威廉•吉布森、帕特•卡迪根、布鲁斯•斯特林、鲁迪•拉克、约翰•雪利、刘易斯•夏纳为杰出代表，形成了一场势不可挡的文学运动。它汇集八十年代的文化浪潮，成为一种融合了技术与音乐、迷幻剂、时尚等等的独特亚文化。之后赛博朋克文化延伸到整个社会，是此前各种科幻流派都没有出现过的现象。
驶向现代性,https://img1.doubanio.com/view/subject/l/public/s34455779.jpg,张珺,78.00,9787218162621,【编辑推荐】
摇滚：一部历史,https://img9.doubanio.com/view/subject/l/public/s34493566.jpg,[美]埃德·沃德（Ed Ward）,,9787522808833,毒舌乐评人、摇滚历史学家埃德·沃德经典续作！
伊莎贝拉,https://img2.doubanio.com/view/subject/l/public/s34432553.jpg,[英] 约翰·济慈,98.00,9787559465191,后浪插图经典系列，名家名译名画
愤怒与宽恕,https://img1.doubanio.com/view/subject/l/public/s34471807.jpg,[美]玛莎·C.努斯鲍姆,128,9787300312248,许多人认为，如果面对不公不感到愤怒，就没有足够的动力去追求公正。没有愤怒，个人就不可能维护自身尊严，也不可能在受到伤害后找到真正的平静。 本书考察了在亲密关系、日常休闲、工作场所、刑事司法系统和社会变革运动中的愤怒，指出愤怒的核心观念既幼稚又有害。本书认为，从宽恕而来的“慷慨”精神，结合公正的社会福利制度，才是应对伤害的最佳途径。本书对“愤怒”和“宽恕”的深刻洞察和博学观点为解决个人问题和政治事件都提供了全新的视角。本书源自她2014年在牛津大学开设的哲学讲座。
依然如旧的月色,https://img2.doubanio.com/view/subject/l/public/s34408412.jpg,茅海建,79.00,9787108074607,本书初版于2014年。由几类文章汇编而成，长短不拘，比较轻松可读。增订本的部分篇目做了调整，有增有删。
长空飞渡,https://img2.doubanio.com/view/subject/l/public/s34452673.jpg,[英] 马克·凡霍纳克,68.00,9787522513362,◎ 编辑推荐
巡礼之年 （全三册）,https://img9.doubanio.com/view/subject/l/public/s34470366.jpg,周志文,108.00,9787552040432,【名人推荐】
寻找自己名字的猫,https://img2.doubanio.com/view/subject/l/public/s34450231.jpg,[日] 竹下文子  著,49.8,9787511060976,日本绘本4冠王，MOE绘本书店大奖、讲谈社绘本奖、LIBRO绘本大奖、未来屋绘本大奖。日本亚马逊绘本畅销榜第1名（2021.05）。
床，沙发，我的人生,https://img2.doubanio.com/view/subject/l/public/s34472372.jpg,[法] 罗曼·莫内里,49.80,9787521752113,※如果无所事事让你感到快乐，那就不算是虚度人生。
生而为人,https://img1.doubanio.com/view/subject/l/public/s34461040.jpg,毕啸南,49.80,9787572610332,《生而为人》收录九篇人性小说，在横跨百年的胶东大地上，游走着众多故事角色：消失的女儿、疯癫的木匠、绝恋的理发师……他们深陷在时代的逆境里，被生活的风浪所裹挟，饱含着生命的沧桑与情感，去接受命运的审判。
天体嗜好症,https://img1.doubanio.com/view/subject/l/public/s34415319.jpg,[日] 稻垣足穗,88,9787572609657,现今最先端的文学其实写于半世纪前？作者是来自未来的外星人？你有过“影像以超越文字的速度撞进眼睑”的阅读体验吗？被日本人被视为与谷崎润一郎、川端康成、三岛由纪夫同等才华的作家稻垣足穗“宇宙乡愁”代表作大结集！
妙不可言,https://img9.doubanio.com/view/subject/l/public/s34430336.jpg,【美】邦妮·加莫斯,68.00,9787559665713,孤绝冷静的伊丽莎白·佐特一直在反击“世界的偏见”。
波士顿的长电邮,https://img1.doubanio.com/view/subject/l/public/s34484880.jpg,刘小枫,68.00,9787208180444,本书是哲学学者刘小枫最新的著作，以文学的笔触展开，探讨中美两个国家之间文化政治差异的诸多问题。作者对中美两国不同的政治体制作出阐释，从历史和哲学的深层角度分析了美国的立国政策和国家政制。美利坚立国三百年，缘何在国内、国际政治中矛盾重重、四处埋雷，美国式的理念的本质为什么是通过帝国的扩张来实现“普世性”的诉求，刘小枫这本书的写作目的即是通过回顾美国建国以来的外交政策和美国政体的底色，从学理的意义上深层揭示美国政制的精神品质和文明底色。
久保田博二：摄影家,https://img9.doubanio.com/view/subject/l/public/s34451454.jpg,[日] 久保田博二,498.00,9787559664853,🎬玛格南大师、环球旅行者久保田博二的摄影生涯总结巨著，数百张照片，跨越亚欧大陆，长达万字的访谈，为我们提供看世界的多样可能性角度。
日本文化核心,https://img2.doubanio.com/view/subject/l/public/s34471002.jpg,[日]松冈正刚,68.00,9787553817002,“日本文化”是松冈正刚常年以来都在深耕的课题，作为当代日本文化研究的领军人物、编辑泰斗，松冈先生常年参与多种文化领域的观察、实践经验，也让他能够以多视角、多层次，去拆解日本文化的演变路径。本书正是“松冈日本论”的集大成之作。
万物有文,https://img1.doubanio.com/view/subject/l/public/s34469577.jpg,[法]莫里斯·皮亚尔-韦纳伊,178.00,9787559472533,在时间洪流中沉淀百年的植物与工艺之书
生命的时间轴,https://img2.doubanio.com/view/subject/l/public/s34476702.jpg,[英] 尼古拉斯·莫尼(Nicholas P. Money),59.00,9787521751963,⭐诗意，简洁，宏大，富有洞见⭐
现代数学的概念,https://img1.doubanio.com/view/subject/l/public/s34470457.jpg,[英] 伊恩·斯图尔特,88.00,9787100200219,在这本引人入胜的科普经典中，著名英国数学家斯图尔特用清晰流畅、幽默风趣的语言阐明了群、集合、子集、拓扑、布尔代数等“新数学”的基本概念，他认为理解这些概念是把握数学真正本质的最佳途径。此外，作者还对函数、对称、公理学、计数、拓扑学、超空间、线性代数、实分析、概率论、计算机、现代数学的应用等主题作了发人深省的讨论。读者无需任何高等数学背景，只需对代数、几何和三角学略知一二，便可读懂本书的大部分内容。读罢此书，你会更清楚地理解现代数学家对图形、函数和公式的看法，以及“新数学”的基本思想如何有助于领会数学的本质。
妈！这是我的人生,https://img9.doubanio.com/view/subject/l/public/s34383846.jpg,王食欲,69.80,9787115601063,什么是好的教育？这是个很难给出标准答案的问题。 但肯定不是“狂热”地激励孩子，本书以母女二人的亲身经历为蓝本，以双视角的创作方式，探讨教育的本质。
松弛感,https://img2.doubanio.com/view/subject/l/public/s34474081.jpg,[日] 加藤谛三,59.80,9787115610805,是时候卸下心灵的盔甲了！
雨中喷泉,https://img9.doubanio.com/view/subject/l/public/s34447236.jpg,[日]三岛由纪夫,49,9787521752137,为什么要火烧《金阁寺》？三岛美与暴烈之外的其他面目
把悲伤留给电影,https://img1.doubanio.com/view/subject/l/public/s34459220.jpg,陈德森 口述,68.00,9787542679222,成龙作序，深情推荐
博士学位论文：我们这样写,https://img9.doubanio.com/view/subject/l/public/s34480084.jpg,李修建,78.00,9787503973901,《博士学位论文：我们这样写》精选23位于近年内攻读完博士学位的学者的博士论文写作经验，这些学者来自北京大学、中国人民大学、北京师范大学、南京大学、中国艺术研究院等高校和科研单位，结合自身专业如文学、哲学、舞蹈学等和经验，谈论了博士论文写作的方法、遇到的困境与难题、个人感受和经验等。
厌女,https://img2.doubanio.com/view/subject/l/public/s34506002.jpg,[日]上野千鹤子,66,9787545219753,全新增订！
成瘾,https://img9.doubanio.com/view/subject/l/public/s34472995.jpg,[美]安娜·伦布克,59.00,9787513350068,有些东西，你为什么总是戒不掉？
亨丽埃塔与那场将人类学送上审判席的谋杀案,https://img2.doubanio.com/view/subject/l/public/s34504371.jpg,[美]吉尔·施梅勒,79.8,9787576027785,2017年度西南图书 （A Southwest Book of the Year 2017）
犬儒主义,https://img1.doubanio.com/view/subject/l/public/s34418457.jpg,[英]安斯加·艾伦,75,9787100215220,继《虚无主义》后，“交界译丛”又一力作！
谁是约翰·列侬,https://img2.doubanio.com/view/subject/l/public/s34407283.jpg,[英]莱斯莉-安·琼斯,128,9787559665492,如今是否还需要另一本关于约翰·列侬的书？是的，如果它是由莱斯莉-安·琼斯写的。
巫师与先知,https://img1.doubanio.com/view/subject/l/public/s34475528.jpg,[美]查尔斯·C·曼恩,118,9787521750300,当2050年到来时，地球预计将会有超过一百亿人口。这意味著将有一百亿张嘴需要吃饱，一百亿所可以居住的地方，两百亿双脚需要鞋子穿。但地球真的装得下那么多东西吗？就算装得下，我们究竟要花掉多少资源来满足这一百亿人？
爱尔兰神话全书,https://img9.doubanio.com/view/subject/l/public/s34348414.jpg,[爱尔兰] 玛丽·希尼,68.00,9787572604195,🔱「世界神话全书」之爱尔兰卷
战时笔记和其他,https://img9.doubanio.com/view/subject/l/public/s34395096.jpg,[法]玛格丽特·杜拉斯,69,9787521748697,★我希望在广阔的原野上向前行走，并能自由地思想。★
缔造的“中兴”,https://img1.doubanio.com/view/subject/l/public/s34472009.jpg,王晨,78.00,9787552040876,“圣君贤相”缔造的“盛世”
玻璃塔谜案,https://img1.doubanio.com/view/subject/l/public/s34449010.jpg,[日] 知念实希人,68.00,9787541165368,一座玻璃塔在雪地深处的森林中闪闪发光。地上十一层，地下一层，它是一个美丽而巨大的尖顶塔。在热爱推理小说的馆主的邀请下，刑警、医生、小说家、编辑、名侦探等各具特色的嘉宾聚集到玻璃塔中。当晚，馆主预定发表重大消息，但在那之前却在密室里被杀了。第二天，玻璃塔因附近山上的雪崩而关闭了交通和通信。被困在塔里的人们，等待警察的帮助，却接二连三地发生了密室杀人事件。此外，还有人用血写下了十三年前的一件疑案。名侦探碧月夜和医生一条游马追查着谜团……
孝尽,https://img9.doubanio.com/view/subject/l/public/s34466685.jpg,[韩国] 郑世朗,59.8,9787521753431,【编辑推荐】
儒学的近代转型,https://img1.doubanio.com/view/subject/l/public/s34329879.jpg,干春松,88,9787559854421,儒学研究名家、北京大学教授干春松精思之作。梳理西学东渐下儒学的困境和转型，探究新时代儒学的发展和未来。大学问出品
女性的力量,https://img1.doubanio.com/view/subject/l/public/s34461529.jpg,[刚果] 德尼·穆奎格,,9787556130979,鼓舞我一直做下去的，是女性展现的力量。
天赐之日,https://img1.doubanio.com/view/subject/l/public/s34470308.jpg,[荷兰] 高罗佩,45,9787532791422,当亨德里克斯将热水倒进茶壶，富士山顶的冰雪融化了。
英雄的习性,https://img2.doubanio.com/view/subject/l/public/s34448641.jpg,[英] 伯纳德·M.W.诺克斯,68.00,9787108074577,古希腊悲剧诗人索福克勒斯善于通过描写身处困境的英雄不同寻常的言行表现人的神性与神人关系，其笔下的英雄终生与人类的局限抗争，他们的举止由非凡的习性驱使，其命运也因此习性注定，尽管这有时使他们经历苦难、走向辉煌，但更多的时候则沦落深渊。然而，英雄为自己决断，为决断负责，即使失败，也是别样的成功；就连神也会由此明白人的伟大，并愿与之并肩同行。
克苏鲁宇宙诺顿注释本,https://img1.doubanio.com/view/subject/l/public/s34495188.jpg,[美] H.P.洛夫克拉夫特,219.00,9787572609817,“20世纪经典恐怖小说最杰出的先行者”，他的作品终于有了注释本。我还以为要等到天荒地老呢！
中国的历史之路,https://img9.doubanio.com/view/subject/l/public/s34454856.jpg,[英]伊懋可,98.00,9787308233125,伊懋可在《中国的历史之路》（或译《中国历史的模式》，The Pattern of the Chinese Past，1973）一书中主要围绕三个问题展开论述：中华帝国为何能长期维持统一而没有像罗马帝国那样最终分裂？中国如何执中世纪各国经济之牛耳，并成为当时人口最多的国家？古代中国如何在科学和技术方面从落后于欧洲到处于领先地位，但是在1600—1700 年又远远落后于欧洲大多数地方？作者提出了“高水平平衡陷阱”理论。他认为传统后期的中国经济发展已达到没有工业-科学投入情况下的极限，随着人口持续增长，农业剩余产品递减，人均收入和人均需求下降；劳动力越来越便宜，而资源和资本越来越昂贵；耕作与运输技术已高度完善，难以再做简单的改进。当新技术出现的时候，已经没有足够多的剩余来购买新技术，而且这种所谓高水平的发展也抑制了对新技术发明的需求。伊懋可认为“高水平平衡...
北宋中期儒学复兴运动,https://img2.doubanio.com/view/subject/l/public/s34454343.jpg,刘复生,66.00,9787108075406,唐宋之际，中国社会发生了巨大变化，反映在思想文化领域则是肇端于中唐而兴盛于北宋中期的儒学复兴运动。新儒学者鄙弃传统经生拘守注疏的习气，将眼光心思转向对儒经义理的探索，以用之于社会实践。新儒以复兴周孔之道、致君尧舜之业为旗帜，在各个领域掀起了复兴儒学的热潮，波属云委，终于走向兴盛的坦途。本书力图从不同侧面揭示这一跌宕起伏的动态过程，展现变革时代中的壮阔画卷。
珍珠在蒙古帝国,https://img1.doubanio.com/view/subject/l/public/s34387818.jpg,[美]托马斯·爱尔森,69.80,9787208179004,1221年，在今天的土库曼斯坦，一个被蒙古士兵俘获的女人，声称为保护自己的珍珠而将它们吞下。她立即被处决，为了找到几颗珍珠，成吉思汗命令士兵们对死在战场上的人开膛破肚。
殷商六百年,https://img2.doubanio.com/view/subject/l/public/s34455841.jpg,柯胜雨,,9787545572698,商族与玄鸟有怎样的不解之缘？成汤不敢废夏社反映了什么样的文化传承？挂甲出征的妇好有怎样显赫的功绩？贞人群体在殷商时代发挥了什么作用？
寻纸,https://img9.doubanio.com/view/subject/l/public/s34471714.jpg,汪帆,128,9787534096044,【编辑推荐】
枢纽,https://img1.doubanio.com/view/subject/l/public/s34486930.jpg,施展,128.00,9787572610059,本书核心是要回答一个问题，究竟“何谓中国”。施展在这本书中以问题为导向，超越具体学科的限制，调用地理、历史、哲学、思想、经济、财政、货币、军事、人口、社会、法律、国际政治等各个学科领域的知识，对中国几千年的复杂历史，以及百年来的成败兴衰给出了一个统一的解释框架。
四十而惑,https://img1.doubanio.com/view/subject/l/public/s34472037.jpg,[美] 艾达·卡尔霍恩,68,9787553526829,当艾达·卡尔霍恩发现自己处于中年危机中时，她认为自己没有权利抱怨。她已经结婚成家，也有不错的事业。为什么仍会感到难过？为什么其他X世代（指出生于1965—1980年间的人）的女性似乎也有同样的痛苦？
大清宪法案,https://img1.doubanio.com/view/subject/l/public/s34388239.jpg,[日]北鬼三郎,88.00,9787559856470,为什么一位日本学者下定决心要给衰朽的中华帝国写一部宪法？本书从法律文本出发，呈现一位日本学者对晚清中国宪制的全面思考，从法制层面剖析晚清中国动荡不安的历史剧变。大学问出品
古代中世纪哲学十五讲,https://img1.doubanio.com/view/subject/l/public/s34462367.jpg,吴天岳,268.00,9787301337356,本书以吴天岳教授在北大讲授多年的西方哲学课程为基础，分十五讲展示了从前苏格拉底到中世纪盛期2000年间西方哲学发展的整体面貌。上册八讲，梳理了从古希腊哲学开端至普罗提诺的哲学史发展线索；下册七讲，梳理了从奥古斯丁至近代哲学之前的中世纪哲学传统。

